{"schemaVersion":"1.0","appDefinitionTemplate":{"id":"/providers/Microsoft.PowerApps/apps/","type":"Microsoft.PowerApps/apps","tags":{"primaryDeviceWidth":"1366","primaryDeviceHeight":"768","supportsPortrait":"true","supportsLandscape":"true","primaryFormFactor":"Tablet","publisherVersion":"3.23015.14","minimumRequiredApiVersion":"2.2.0","hasComponent":"true","hasUnlockedComponent":"true","isUnifiedRootApp":"false","sienaVersion":"20230217T195205Z-3.23015.14.0"},"properties":{"appVersion":"2023-02-17T19:52:05Z","lifeCycleId":"Published","createdByClientVersion":{"major":3,"minor":23015,"build":14,"revision":0,"majorRevision":0,"minorRevision":0},"minClientVersion":{"major":3,"minor":23015,"build":14,"revision":0,"majorRevision":0,"minorRevision":0},"backgroundColor":"RGBA(0,176,240,1)","backgroundImageUri":"/17867847387784004933/N3871cb05-7b7b-41fb-b6f8-a39c75139d9d-logoSmallFile","displayName":"Open AI Tester Thingy","description":"","commitMessage":"","appUris":{"documentUri":{"value":"/17867847387784004933/Ne6fb98d9-6769-4fde-bf99-cba1eb399c24-document.msapp"},"imageUris":[],"additionalUris":[]},"createdTime":"0001-01-01T00:00:00Z","lastModifiedTime":"0001-01-01T00:00:00Z","sharedGroupsCount":0,"sharedUsersCount":0,"connectionReferences":{"901ff678-df09-4618-8ab7-7e6fdba3d5d3":{"id":"ddb97077-bfe8-44e0-8b78-3abe34d14d53","displayName":"Open AI Connector","iconUri":"https://prodapiicons.cdn.powerappscdn.net/20230209t000000zde17b19933934aa8b30f268c24d04dac/customconnectoricon.png","dataSources":["OpenAI"],"dependencies":[],"dependents":[],"parameterHints":{},"parameterHintsV2":{},"isOnPremiseConnection":false,"bypassConsent":false,"dataSets":{},"apiTier":"Standard","isCustomApiConnection":true,"actions":["Completion","CreateImage"]}},"databaseReferences":{},"almMode":"Environment","performanceOptimizationEnabled":true,"canConsumeAppPass":true,"enableModernRuntimeMode":false,"executionRestrictions":{"isTeamsOnly":false,"dataLossPreventionEvaluationResult":{"status":"Compliant","lastEvaluationDate":"2023-02-03T20:36:25.3358585Z","violations":[],"violationsByPolicy":[],"violationErrorMessage":"The app uses the following connectors: ."}}},"appType":"ClassicCanvasApp","appComponents":[]}}